{
  "per_category_sd": {
    "code": 1.2685521537555833,
    "edge_cases": 1.0334993230043208,
    "reasoning": 0.9933670050342395,
    "minimax": 0.9012352812729737,
    "slm": 0.8876361928082966,
    "analysis": 0.7989950025998067,
    "qwen": 0.7253673847396697,
    "communication": 0.723617565582154,
    "meta_alignment": 0.6323000944132918
  },
  "code_over_meta_ratio": 2.006250141291955
}