{
  "counts": {
    "registry": 55,
    "distinct": 50,
    "rankable": 48,
    "frontier": 30,
    "small": 18,
    "excluded": [
      "Qwen 3 235B-A22B",
      "Qwen3-Next 80B-A3B"
    ]
  },
  "bt": {
    "Claude Opus 4.5": 0.35712247353467724,
    "Claude Opus 4.6": 0.6336587095434234,
    "Claude Sonnet 4.5": 0.4516265872513939,
    "Claude Sonnet 4.6": 0.5755994142064884,
    "DeepSeek V3": -0.07506008410326967,
    "DeepSeek V3.2": 0.27168160348198706,
    "Devstral Small": 0.1725608083225079,
    "GLM 4.7": -1.2853973028450303,
    "GPT-5.2-Codex": -0.007521996651792121,
    "GPT-5.4": 0.9223855012257199,
    "GPT-OSS-120B": 0.2932110714893112,
    "GPT-OSS-120B (Legal)": -0.18787607430962744,
    "Gemini 2.5 Flash": -0.0743816370994568,
    "Gemini 2.5 Flash-Lite": -0.6961523413375656,
    "Gemini 3 Flash Preview": 0.5514517538322191,
    "Gemini 3 Pro Preview": -1.1524373772478778,
    "Gemini 3.1 Pro": -1.1976261999349203,
    "Gemma 3 27B": 0.9837341378708077,
    "Gemma 3n 4B": -1.6272583653062442,
    "Granite 4.0 Micro": -0.19240849343592203,
    "Grok 3 (Direct)": 0.39218979252688413,
    "Grok 4.1 Fast": 0.29671443560644767,
    "Grok 4.20": 0.7577639914601307,
    "Grok Code Fast 1": 0.7400447729010519,
    "Kimi K2.5": -0.46019451255717386,
    "Llama 3.1 8B": -0.9236522240015905,
    "Llama 4 Scout": -0.027049131318367677,
    "MiMo-V2-Flash": 0.3569998005153388,
    "MiniMax M1": -0.22655715710083363,
    "MiniMax M2": -1.0368420670028837,
    "MiniMax M2.1": -1.4500759720361287,
    "MiniMax M2.5": -0.7279484241613706,
    "MiniMax M2.7": -0.4893761630452636,
    "MiniMax-01": -0.1707090741760545,
    "Mistral Nemo 12B": -0.2840232999071542,
    "Mistral Small Creative": 0.8509672997155678,
    "Nemotron 3 Super": -0.4671414658422561,
    "Olmo 3.1 32B Think": -0.9811085908205982,
    "Phi-4 14B": 0.49511051376248943,
    "Qwen 3 32B": -0.2709770678526512,
    "Qwen 3 8B": 1.1229958701908185,
    "Qwen 3 Coder Next": 0.788213213950596,
    "Qwen 3.5 122B-A10B": 0.9546425866388377,
    "Qwen 3.5 27B": 0.7097306819079453,
    "Qwen 3.5 35B-A3B": 0.8248082786061738,
    "Qwen 3.5 397B-A17B": 1.091517266288752,
    "Qwen 3.5 9B": -0.4715747170849977,
    "Seed 1.6 Flash": -0.1113808256505348
  },
  "frontier_order": [
    "GPT-5.4",
    "Mistral Small Creative",
    "Grok 4.20",
    "Grok Code Fast 1",
    "Claude Opus 4.6",
    "Claude Sonnet 4.6",
    "Gemini 3 Flash Preview",
    "Claude Sonnet 4.5",
    "Grok 3 (Direct)",
    "Claude Opus 4.5",
    "MiMo-V2-Flash",
    "Grok 4.1 Fast",
    "GPT-OSS-120B",
    "DeepSeek V3.2",
    "GPT-5.2-Codex",
    "Gemini 2.5 Flash",
    "DeepSeek V3",
    "Seed 1.6 Flash",
    "MiniMax-01",
    "GPT-OSS-120B (Legal)",
    "MiniMax M1",
    "MiniMax M2.7",
    "Gemini 2.5 Flash-Lite",
    "MiniMax M2.5",
    "Olmo 3.1 32B Think",
    "MiniMax M2",
    "Gemini 3 Pro Preview",
    "Gemini 3.1 Pro",
    "GLM 4.7",
    "MiniMax M2.1"
  ],
  "frank": {
    "GPT-5.4": 1,
    "Mistral Small Creative": 2,
    "Grok 4.20": 3,
    "Grok Code Fast 1": 4,
    "Claude Opus 4.6": 5,
    "Claude Sonnet 4.6": 6,
    "Gemini 3 Flash Preview": 7,
    "Claude Sonnet 4.5": 8,
    "Grok 3 (Direct)": 9,
    "Claude Opus 4.5": 10,
    "MiMo-V2-Flash": 11,
    "Grok 4.1 Fast": 12,
    "GPT-OSS-120B": 13,
    "DeepSeek V3.2": 14,
    "GPT-5.2-Codex": 15,
    "Gemini 2.5 Flash": 16,
    "DeepSeek V3": 17,
    "Seed 1.6 Flash": 18,
    "MiniMax-01": 19,
    "GPT-OSS-120B (Legal)": 20,
    "MiniMax M1": 21,
    "MiniMax M2.7": 22,
    "Gemini 2.5 Flash-Lite": 23,
    "MiniMax M2.5": 24,
    "Olmo 3.1 32B Think": 25,
    "MiniMax M2": 26,
    "Gemini 3 Pro Preview": 27,
    "Gemini 3.1 Pro": 28,
    "GLM 4.7": 29,
    "MiniMax M2.1": 30
  },
  "naive": {
    "Gemini 3 Pro Preview": 6.609004739336493,
    "Claude Sonnet 4.5": 9.073467230443994,
    "GPT-5.2-Codex": 8.934297520661149,
    "GPT-OSS-120B": 8.130147058823475,
    "Gemini 3 Flash Preview": 8.73530478955008,
    "DeepSeek V3.2": 9.033227848101285,
    "MiMo-V2-Flash": 8.389676425269572,
    "Grok 4.1 Fast": 9.197411003236246,
    "Grok 3 (Direct)": 8.910947712418308,
    "Claude Opus 4.5": 9.077892561983486,
    "Gemini 2.5 Flash": 8.136126629422721,
    "Olmo 3.1 32B Think": 4.988461538461539,
    "MiniMax M2": 4.21127167630058,
    "GLM 4.7": 6.421637426900583,
    "Grok Code Fast 1": 9.19679487179487,
    "GPT-OSS-120B (Legal)": 9.344999999999997,
    "Seed 1.6 Flash": 8.651518691588803,
    "Mistral Small Creative": 9.030260047281342,
    "Gemini 2.5 Flash-Lite": 8.54186046511628,
    "Kimi K2.5": 4.940322580645162,
    "Gemma 3 27B": 8.828070175438592,
    "Llama 4 Scout": 8.446875,
    "Phi-4 14B": 8.917142857142856,
    "Granite 4.0 Micro": 8.350000000000001,
    "Qwen 3 8B": 9.147560975609748,
    "Llama 3.1 8B": 7.577522935779818,
    "Qwen 3 32B": 5.332369942196529,
    "Mistral Nemo 12B": 8.423809523809519,
    "Devstral Small": 8.738317757009346,
    "Qwen 3.5 9B": 5.664754098360656,
    "Qwen 3 Coder Next": 8.500000000000002,
    "Qwen 3.5 35B-A3B": 7.705882352941178,
    "Qwen 3.5 27B": 8.341269841269842,
    "Qwen 3.5 122B-A10B": 7.692424242424244,
    "Qwen 3.5 397B-A17B": 8.421875,
    "MiniMax M2.5": 5.416630355846044,
    "MiniMax M2.1": 3.5122222222222224,
    "MiniMax M1": 5.820555555555556,
    "MiniMax-01": 7.986813186813188,
    "Claude Sonnet 4.6": 8.492924251321176,
    "GPT-5.4": 8.91962725684326,
    "MiniMax M2.7": 5.798876404494382,
    "Grok 4.20": 8.625203761755444,
    "Claude Opus 4.6": 8.431077770973653,
    "DeepSeek V3": 8.195913312693477,
    "Gemini 3.1 Pro": 6.438547486033522,
    "Nemotron 3 Super": 5.4142857142857155,
    "Gemma 3n 4B": 1.8416666666666668
  },
  "nrank": {
    "GPT-OSS-120B (Legal)": 1,
    "Grok 4.1 Fast": 2,
    "Grok Code Fast 1": 3,
    "Claude Opus 4.5": 4,
    "Claude Sonnet 4.5": 5,
    "DeepSeek V3.2": 6,
    "Mistral Small Creative": 7,
    "GPT-5.2-Codex": 8,
    "GPT-5.4": 9,
    "Grok 3 (Direct)": 10,
    "Gemini 3 Flash Preview": 11,
    "Seed 1.6 Flash": 12,
    "Grok 4.20": 13,
    "Gemini 2.5 Flash-Lite": 14,
    "Claude Sonnet 4.6": 15,
    "Claude Opus 4.6": 16,
    "MiMo-V2-Flash": 17,
    "DeepSeek V3": 18,
    "Gemini 2.5 Flash": 19,
    "GPT-OSS-120B": 20,
    "MiniMax-01": 21,
    "Gemini 3 Pro Preview": 22,
    "Gemini 3.1 Pro": 23,
    "GLM 4.7": 24,
    "MiniMax M1": 25,
    "MiniMax M2.7": 26,
    "MiniMax M2.5": 27,
    "Olmo 3.1 32B Think": 28,
    "MiniMax M2": 29,
    "MiniMax M2.1": 30
  },
  "boot_question": {
    "GPT-5.4": {
      "lo": 1,
      "hi": 3,
      "p1": 0.48
    },
    "Mistral Small Creative": {
      "lo": 1,
      "hi": 6,
      "p1": 0.3
    },
    "Grok 4.20": {
      "lo": 2,
      "hi": 5,
      "p1": 0.0
    },
    "Grok Code Fast 1": {
      "lo": 1,
      "hi": 14,
      "p1": 0.21333333333333335
    },
    "Claude Opus 4.6": {
      "lo": 3,
      "hi": 8,
      "p1": 0.0
    },
    "Claude Sonnet 4.6": {
      "lo": 4,
      "hi": 9,
      "p1": 0.0
    },
    "Gemini 3 Flash Preview": {
      "lo": 4,
      "hi": 9,
      "p1": 0.0
    },
    "Claude Sonnet 4.5": {
      "lo": 5,
      "hi": 13,
      "p1": 0.0
    }
  },
  "boot_comparison": {
    "GPT-5.4": {
      "lo": 1,
      "hi": 2,
      "p1": 0.7933333333333333
    },
    "Mistral Small Creative": {
      "lo": 1,
      "hi": 4,
      "p1": 0.11333333333333333
    },
    "Grok 4.20": {
      "lo": 2,
      "hi": 4,
      "p1": 0.0
    },
    "Grok Code Fast 1": {
      "lo": 1,
      "hi": 8,
      "p1": 0.09333333333333334
    },
    "Claude Opus 4.6": {
      "lo": 4,
      "hi": 6,
      "p1": 0.0
    },
    "Claude Sonnet 4.6": {
      "lo": 5,
      "hi": 8,
      "p1": 0.0
    },
    "Gemini 3 Flash Preview": {
      "lo": 5,
      "hi": 8,
      "p1": 0.0
    },
    "Claude Sonnet 4.5": {
      "lo": 6,
      "hi": 10,
      "p1": 0.0
    }
  }
}